user_id,group,time_spent,converted,age,location,device,gender,days_since_last_visit,pages_viewed,landing_page
1,control,130,1,23,CA,desktop,female,6,4,old_page
2,treatment,176,1,58,US,mobile,male,22,2,new_page
3,control,149,0,33,IN,desktop,female,40,5,old_page
4,control,103,0,21,IN,mobile,male,39,4,old_page
5,control,93,0,52,UK,desktop,male,28,4,old_page
6,treatment,135,1,43,AU,mobile,female,15,5,new_page
7,control,80,0,29,UK,desktop,female,37,4,old_page
8,control,175,1,28,UK,desktop,female,27,5,old_page
9,control,155,0,54,AU,tablet,female,47,4,old_page
10,treatment,106,0,42,US,tablet,male,37,4,new_page
11,control,69,1,35,UK,mobile,female,30,4,old_page
12,control,161,0,36,UK,desktop,female,13,4,old_page
13,control,117,0,40,IN,mobile,male,52,7,old_page
14,control,157,0,55,AU,tablet,other,32,8,old_page
15,treatment,72,1,35,CA,mobile,other,56,7,new_page
16,control,102,1,43,US,mobile,male,8,3,old_page
17,treatment,120,0,23,US,tablet,other,56,6,new_page
18,treatment,121,0,21,AU,desktop,male,26,6,new_page
19,treatment,106,0,61,IN,mobile,female,23,4,new_page
20,control,139,1,46,IN,tablet,female,12,6,old_page
21,treatment,88,1,51,AU,desktop,other,25,9,new_page
22,control,116,0,34,IN,tablet,female,28,6,old_page
23,treatment,124,0,60,US,mobile,other,50,4,new_page
24,treatment,135,0,60,US,desktop,other,48,6,new_page
25,treatment,141,1,33,CA,desktop,female,42,7,new_page
26,treatment,86,1,19,AU,tablet,female,27,4,new_page
27,treatment,74,0,51,UK,tablet,other,27,3,new_page
28,treatment,158,0,25,UK,tablet,female,7,4,new_page
29,treatment,130,0,30,CA,desktop,male,22,5,new_page
30,treatment,98,1,59,CA,desktop,female,28,3,new_page
31,control,167,0,25,IN,mobile,female,4,5,old_page
32,control,123,1,47,CA,desktop,male,41,3,old_page
33,treatment,155,1,49,CA,mobile,female,6,5,new_page
34,treatment,122,0,53,UK,tablet,female,41,5,new_page
35,treatment,182,0,64,IN,tablet,other,35,5,new_page
36,control,173,0,47,CA,desktop,female,40,6,old_page
37,treatment,113,1,18,CA,tablet,female,26,6,new_page
38,control,149,1,60,IN,tablet,male,57,6,old_page
39,control,139,1,56,AU,desktop,other,45,5,old_page
40,control,161,0,34,IN,mobile,other,1,7,old_page
41,control,91,0,37,UK,desktop,other,24,3,old_page
42,control,141,1,41,AU,mobile,female,8,5,old_page
43,treatment,152,1,39,US,desktop,other,52,7,new_page
44,treatment,67,0,46,IN,desktop,male,26,2,new_page
45,treatment,85,1,39,UK,tablet,other,0,8,new_page
46,treatment,59,1,61,AU,desktop,male,22,4,new_page
47,treatment,112,0,26,IN,desktop,other,9,2,new_page
48,control,142,1,54,CA,mobile,other,41,5,old_page
49,treatment,165,1,27,IN,tablet,male,51,5,new_page
50,treatment,122,1,53,US,mobile,other,24,4,new_page
51,control,169,0,54,IN,mobile,other,53,6,old_page
52,treatment,79,0,45,AU,tablet,other,2,8,new_page
53,control,69,1,45,AU,tablet,female,5,4,old_page
54,treatment,118,0,59,IN,tablet,male,57,3,new_page
55,control,132,0,60,AU,desktop,other,5,6,old_page
56,treatment,119,0,38,CA,tablet,male,52,4,new_page
57,treatment,58,0,41,IN,tablet,male,1,2,new_page
58,control,117,1,59,CA,tablet,male,57,3,old_page
59,control,81,1,57,CA,mobile,other,57,1,old_page
60,control,140,0,19,UK,mobile,other,17,9,old_page
61,control,131,0,25,IN,desktop,male,22,5,old_page
62,control,92,0,44,AU,mobile,female,1,3,old_page
63,control,105,1,39,CA,desktop,male,11,4,old_page
64,control,88,1,54,UK,mobile,female,21,3,old_page
65,control,118,0,44,IN,tablet,male,36,4,old_page
66,treatment,149,1,46,IN,mobile,male,19,6,new_page
67,treatment,90,1,20,US,desktop,male,38,4,new_page
68,control,135,1,61,US,mobile,other,23,2,old_page
69,treatment,104,1,30,CA,tablet,female,47,6,new_page
70,treatment,96,0,62,US,desktop,female,19,3,new_page
71,treatment,117,1,27,CA,tablet,male,0,6,new_page
72,treatment,89,0,53,AU,tablet,other,0,2,new_page
73,control,103,1,26,CA,desktop,other,16,8,old_page
74,treatment,84,1,44,US,tablet,female,58,3,new_page
75,control,179,1,51,AU,tablet,other,0,6,old_page
76,treatment,121,1,18,US,mobile,female,52,4,new_page
77,treatment,99,0,49,CA,tablet,female,51,5,new_page
78,treatment,126,0,42,UK,tablet,female,44,6,new_page
79,control,117,1,46,IN,tablet,other,29,1,old_page
80,treatment,113,1,24,US,tablet,female,40,5,new_page
81,control,138,0,20,CA,desktop,female,46,7,old_page
82,treatment,143,0,37,AU,mobile,male,2,6,new_page
83,control,104,0,37,US,tablet,female,45,6,old_page
84,treatment,103,1,47,US,tablet,female,54,7,new_page
85,control,112,1,52,IN,desktop,male,10,4,old_page
86,control,51,0,52,CA,tablet,male,23,3,old_page
87,treatment,75,0,56,UK,desktop,other,21,8,new_page
88,control,161,1,44,AU,mobile,female,43,4,old_page
89,treatment,169,1,43,CA,mobile,other,44,5,new_page
90,treatment,113,0,31,AU,tablet,other,25,5,new_page
91,treatment,137,0,34,US,tablet,male,12,3,new_page
92,treatment,129,0,35,IN,tablet,other,0,9,new_page
93,treatment,212,0,62,IN,desktop,female,23,8,new_page
94,treatment,154,0,46,UK,tablet,male,9,6,new_page
95,treatment,116,1,37,IN,tablet,female,34,3,new_page
96,treatment,91,1,44,US,mobile,female,23,5,new_page
97,treatment,72,1,35,UK,tablet,male,27,5,new_page
98,treatment,126,1,21,CA,mobile,female,35,5,new_page
99,treatment,97,0,18,IN,tablet,male,15,3,new_page
100,control,77,0,18,UK,mobile,female,39,7,old_page
101,control,101,0,43,US,tablet,male,15,3,old_page
102,treatment,88,0,62,AU,mobile,other,58,0,new_page
103,treatment,171,1,37,AU,desktop,female,16,6,new_page
104,treatment,146,1,40,US,mobile,male,50,6,new_page
105,treatment,120,0,27,US,mobile,female,53,4,new_page
106,treatment,164,0,28,AU,mobile,female,14,5,new_page
107,treatment,122,1,58,UK,tablet,female,15,9,new_page
108,treatment,94,0,58,AU,tablet,male,14,5,new_page
109,treatment,166,0,22,US,tablet,other,56,4,new_page
110,control,136,1,18,IN,desktop,other,33,3,old_page
111,treatment,89,1,34,CA,desktop,other,10,6,new_page
112,control,114,0,39,IN,mobile,male,0,2,old_page
113,treatment,94,0,51,IN,desktop,other,14,6,new_page
114,treatment,79,1,62,US,mobile,male,25,6,new_page
115,control,148,0,58,AU,mobile,female,50,6,old_page
116,treatment,177,0,46,UK,mobile,female,3,5,new_page
117,control,78,1,21,IN,desktop,other,42,3,old_page
118,treatment,137,0,22,AU,tablet,male,4,4,new_page
119,treatment,100,1,28,UK,desktop,female,34,4,new_page
120,control,105,0,38,IN,mobile,male,12,5,old_page
121,treatment,102,1,52,UK,mobile,male,9,4,new_page
122,control,94,0,29,AU,desktop,female,10,4,old_page
123,treatment,121,0,43,CA,mobile,male,17,5,new_page
124,control,95,0,36,AU,mobile,female,33,5,old_page
125,control,128,0,62,US,desktop,female,38,5,old_page
126,treatment,118,1,24,UK,desktop,female,40,7,new_page
127,treatment,113,1,64,CA,desktop,male,41,3,new_page
128,control,93,0,24,UK,mobile,female,49,2,old_page
129,treatment,103,0,43,UK,mobile,male,22,4,new_page
130,treatment,143,1,57,IN,tablet,female,6,4,new_page
131,treatment,135,1,22,US,tablet,female,58,6,new_page
132,control,91,0,38,UK,desktop,other,38,3,old_page
133,control,123,0,31,AU,tablet,other,2,5,old_page
134,control,143,0,21,AU,mobile,other,11,5,old_page
135,control,70,1,40,IN,tablet,male,6,5,old_page
136,control,136,0,59,US,mobile,male,48,5,old_page
137,control,100,1,37,US,desktop,female,25,3,old_page
138,control,137,0,32,AU,desktop,female,32,10,old_page
139,control,97,1,62,CA,mobile,female,36,5,old_page
140,control,66,0,46,IN,tablet,female,47,4,old_page
141,treatment,71,0,25,IN,desktop,male,14,4,new_page
142,control,121,0,58,AU,desktop,female,1,7,old_page
143,treatment,128,1,36,AU,tablet,female,40,3,new_page
144,treatment,93,0,56,CA,tablet,other,6,6,new_page
145,treatment,139,0,63,CA,mobile,female,31,2,new_page
146,control,70,0,45,US,tablet,female,3,4,old_page
147,control,118,0,63,IN,tablet,female,19,4,old_page
148,control,84,1,44,IN,tablet,male,49,4,old_page
149,control,100,1,21,AU,mobile,other,52,8,old_page
150,treatment,121,1,32,US,mobile,female,35,5,new_page
151,control,94,0,52,IN,desktop,female,31,8,old_page
152,control,108,1,54,US,mobile,other,27,5,old_page
153,control,150,0,18,US,desktop,female,12,7,old_page
154,control,103,0,20,AU,tablet,male,0,8,old_page
155,control,145,0,64,US,desktop,female,59,3,old_page
156,treatment,86,0,41,CA,desktop,male,55,4,new_page
157,control,136,1,44,CA,tablet,male,34,6,old_page
158,treatment,163,1,57,UK,desktop,female,47,4,new_page
159,control,46,1,53,AU,mobile,other,29,4,old_page
160,treatment,96,0,51,UK,mobile,male,53,6,new_page
161,control,137,0,46,CA,mobile,other,35,2,old_page
162,control,114,0,41,UK,mobile,female,56,4,old_page
163,treatment,131,0,41,AU,desktop,male,54,2,new_page
164,treatment,102,0,59,AU,desktop,female,24,8,new_page
165,treatment,123,0,21,US,tablet,other,15,7,new_page
166,control,115,0,20,IN,desktop,female,57,2,old_page
167,treatment,155,0,51,US,desktop,female,18,5,new_page
168,control,128,1,40,AU,desktop,male,0,6,old_page
169,control,130,1,40,CA,tablet,female,4,7,old_page
170,treatment,108,1,62,CA,mobile,female,50,7,new_page
171,treatment,105,1,22,US,desktop,female,21,7,new_page
172,control,107,0,48,AU,tablet,male,23,6,old_page
173,control,132,1,58,CA,tablet,other,42,5,old_page
174,treatment,107,1,23,AU,tablet,other,44,5,new_page
175,treatment,129,0,54,CA,mobile,female,51,8,new_page
176,treatment,182,0,27,AU,desktop,male,36,7,new_page
177,control,146,1,57,UK,tablet,female,52,4,old_page
178,control,110,0,24,AU,mobile,other,35,5,old_page
179,control,156,0,56,AU,tablet,male,35,8,old_page
180,control,108,0,55,US,tablet,other,3,5,old_page
181,control,59,0,38,UK,tablet,other,35,2,old_page
182,control,90,0,37,IN,tablet,male,51,3,old_page
183,treatment,64,0,20,US,tablet,male,52,7,new_page
184,control,109,0,39,IN,mobile,female,17,3,old_page
185,control,121,0,64,CA,desktop,female,49,8,old_page
186,control,170,1,21,IN,desktop,other,15,1,old_page
187,treatment,130,0,45,AU,desktop,male,40,5,new_page
188,control,113,0,29,IN,desktop,male,17,3,old_page
189,control,145,0,55,US,mobile,female,21,5,old_page
190,treatment,54,1,53,US,mobile,other,1,5,new_page
191,control,127,0,64,IN,mobile,other,20,2,old_page
192,control,143,0,58,US,tablet,female,35,7,old_page
193,control,76,1,22,US,tablet,male,43,2,old_page
194,control,154,1,30,IN,tablet,female,38,4,old_page
195,control,130,0,40,UK,desktop,female,46,5,old_page
196,treatment,108,1,47,UK,tablet,female,38,4,new_page
197,treatment,139,0,54,CA,desktop,female,28,4,new_page
198,treatment,188,0,42,US,tablet,male,53,5,new_page
199,control,125,0,44,IN,desktop,female,25,4,old_page
200,control,127,0,31,US,tablet,male,20,4,old_page
201,control,106,1,64,AU,tablet,female,16,5,old_page
202,treatment,95,0,53,US,mobile,other,15,7,new_page
203,control,145,0,56,US,tablet,male,59,6,old_page
204,control,94,1,33,UK,tablet,other,30,6,old_page
205,treatment,122,1,39,IN,mobile,female,50,8,new_page
206,control,106,0,38,US,desktop,female,8,5,old_page
207,treatment,134,1,38,UK,mobile,female,30,2,new_page
208,treatment,130,0,25,CA,mobile,male,13,4,new_page
209,treatment,151,1,33,UK,desktop,other,48,6,new_page
210,control,105,1,48,UK,tablet,male,36,3,old_page
211,control,112,1,59,UK,desktop,male,1,3,old_page
212,control,91,0,27,US,tablet,female,51,5,old_page
213,control,107,0,49,US,tablet,other,47,5,old_page
214,control,131,0,51,CA,desktop,female,45,6,old_page
215,control,143,0,26,AU,mobile,male,13,2,old_page
216,control,92,0,34,AU,desktop,female,58,6,old_page
217,treatment,146,1,28,AU,tablet,other,32,4,new_page
218,control,161,0,49,CA,desktop,female,34,3,old_page
219,treatment,132,0,27,AU,desktop,other,57,4,new_page
220,control,176,1,39,AU,tablet,other,38,2,old_page
221,control,97,0,34,UK,mobile,female,57,6,old_page
222,control,83,1,21,US,desktop,male,46,8,old_page
223,treatment,67,0,64,US,tablet,female,50,5,new_page
224,treatment,165,0,42,UK,tablet,male,19,6,new_page
225,treatment,140,0,38,UK,desktop,male,1,5,new_page
226,treatment,118,0,54,UK,mobile,female,50,5,new_page
227,control,128,1,55,US,desktop,male,40,6,old_page
228,treatment,86,0,18,AU,mobile,male,18,4,new_page
229,control,193,0,42,UK,mobile,female,58,4,old_page
230,control,124,0,53,CA,mobile,female,36,5,old_page
231,treatment,123,0,34,UK,mobile,female,17,5,new_page
232,treatment,142,1,58,IN,desktop,male,15,4,new_page
233,treatment,134,0,41,UK,tablet,other,3,4,new_page
234,treatment,127,1,19,US,tablet,male,11,7,new_page
235,treatment,96,1,57,UK,tablet,other,28,5,new_page
236,treatment,134,0,32,IN,tablet,female,6,4,new_page
237,treatment,176,1,49,CA,tablet,other,13,3,new_page
238,treatment,160,0,56,AU,tablet,female,54,9,new_page
239,control,168,0,23,UK,desktop,female,11,6,old_page
240,treatment,105,0,18,IN,mobile,other,34,6,new_page
241,treatment,90,1,64,IN,tablet,female,4,4,new_page
242,control,116,1,40,CA,desktop,other,16,7,old_page
243,treatment,122,0,56,US,tablet,female,57,6,new_page
244,control,153,1,34,UK,tablet,male,41,6,old_page
245,control,69,0,51,IN,mobile,male,31,2,old_page
246,treatment,166,0,58,CA,mobile,female,9,6,new_page
247,control,115,0,46,AU,mobile,female,42,4,old_page
248,control,107,1,26,IN,tablet,other,16,7,old_page
249,control,90,1,30,CA,tablet,male,4,8,old_page
250,control,70,0,23,US,tablet,other,44,6,old_page
251,treatment,145,0,23,US,mobile,female,41,3,new_page
252,control,122,0,37,IN,desktop,female,8,4,old_page
253,treatment,81,0,20,IN,tablet,other,48,5,new_page
254,control,81,0,34,UK,tablet,female,32,3,old_page
255,control,110,1,29,CA,tablet,male,35,5,old_page
256,control,170,0,64,IN,desktop,other,35,8,old_page
257,control,112,0,62,UK,tablet,male,17,8,old_page
258,treatment,75,0,18,UK,desktop,male,8,5,new_page
259,treatment,113,1,34,IN,tablet,male,56,5,new_page
260,control,112,1,20,US,desktop,other,28,8,old_page
261,control,39,0,43,CA,tablet,female,49,5,old_page
262,treatment,118,1,32,CA,mobile,male,13,4,new_page
263,control,113,0,53,US,mobile,male,24,3,old_page
264,control,141,0,49,IN,mobile,male,14,7,old_page
265,control,175,0,49,CA,mobile,female,5,4,old_page
266,treatment,154,0,21,IN,tablet,female,55,4,new_page
267,treatment,112,0,35,IN,mobile,other,41,5,new_page
268,treatment,87,1,36,UK,desktop,female,28,3,new_page
269,control,197,1,60,US,mobile,other,14,5,old_page
270,control,122,1,52,IN,mobile,other,28,4,old_page
271,treatment,120,0,57,AU,mobile,other,3,6,new_page
272,treatment,119,0,31,US,tablet,other,17,5,new_page
273,treatment,126,1,50,CA,mobile,other,49,5,new_page
274,treatment,116,0,31,UK,desktop,male,56,2,new_page
275,control,103,0,51,CA,mobile,female,48,5,old_page
276,treatment,104,0,21,CA,mobile,male,43,3,new_page
277,control,119,1,41,US,mobile,other,38,3,old_page
278,treatment,104,0,46,CA,desktop,female,15,5,new_page
279,control,99,0,36,IN,mobile,male,10,4,old_page
280,treatment,123,1,23,CA,desktop,male,13,3,new_page
281,treatment,112,0,50,UK,desktop,other,2,4,new_page
282,treatment,165,0,57,UK,mobile,male,50,2,new_page
283,treatment,40,0,36,AU,desktop,male,49,6,new_page
284,control,153,0,18,UK,tablet,male,41,7,old_page
285,treatment,157,1,22,CA,mobile,male,37,3,new_page
286,control,58,0,44,UK,mobile,male,44,5,old_page
287,control,110,0,33,US,desktop,other,41,4,old_page
288,control,109,1,23,UK,desktop,other,17,6,old_page
289,control,78,1,57,IN,mobile,male,57,6,old_page
290,treatment,97,1,30,US,tablet,other,19,2,new_page
291,control,87,0,52,AU,desktop,other,57,2,old_page
292,control,173,0,36,IN,desktop,female,47,5,old_page
293,control,148,1,29,CA,tablet,male,24,2,old_page
294,treatment,158,1,33,CA,tablet,other,56,7,new_page
295,treatment,142,0,60,CA,mobile,other,37,4,new_page
296,treatment,86,0,27,IN,tablet,male,12,5,new_page
297,treatment,104,0,42,IN,mobile,female,3,7,new_page
298,control,135,1,37,IN,tablet,male,54,5,old_page
299,control,83,0,48,US,desktop,female,13,7,old_page
300,treatment,141,0,21,US,mobile,male,32,1,new_page
301,control,113,0,61,CA,mobile,male,27,3,old_page
302,control,109,1,40,UK,mobile,male,51,4,old_page
303,control,141,1,19,CA,tablet,male,36,9,old_page
304,treatment,133,0,39,AU,desktop,female,7,4,new_page
305,treatment,109,1,54,US,mobile,female,43,5,new_page
306,control,155,1,25,IN,mobile,other,33,6,old_page
307,treatment,88,0,24,US,mobile,male,43,6,new_page
308,treatment,138,0,31,IN,mobile,female,4,3,new_page
309,treatment,138,0,20,AU,desktop,female,53,3,new_page
310,treatment,111,1,33,AU,tablet,female,4,5,new_page
311,treatment,130,0,36,US,desktop,male,30,7,new_page
312,control,82,1,35,IN,mobile,other,44,6,old_page
313,treatment,148,1,33,AU,desktop,female,8,6,new_page
314,control,114,0,25,CA,mobile,male,41,4,old_page
315,control,104,1,50,CA,tablet,female,31,7,old_page
316,treatment,151,0,29,IN,tablet,female,32,4,new_page
317,control,99,0,28,US,tablet,other,2,8,old_page
318,control,78,1,22,AU,mobile,female,29,5,old_page
319,control,73,1,44,US,desktop,female,49,5,old_page
320,treatment,138,0,29,CA,tablet,male,11,4,new_page
321,treatment,82,1,34,AU,mobile,male,28,5,new_page
322,control,173,1,23,US,mobile,other,2,2,old_page
323,treatment,58,0,50,UK,desktop,male,25,3,new_page
324,treatment,171,1,22,IN,tablet,male,56,7,new_page
325,treatment,126,0,45,IN,mobile,other,29,5,new_page
326,treatment,117,0,31,UK,desktop,female,8,6,new_page
327,control,104,0,22,CA,tablet,other,25,7,old_page
328,control,132,1,50,AU,desktop,male,1,2,old_page
329,treatment,119,1,58,IN,desktop,other,2,7,new_page
330,treatment,153,0,36,UK,mobile,female,45,5,new_page
331,control,123,0,39,UK,mobile,other,3,5,old_page
332,control,125,1,22,CA,mobile,male,24,7,old_page
333,treatment,109,0,19,CA,desktop,male,50,6,new_page
334,control,118,1,47,US,mobile,other,12,5,old_page
335,treatment,129,1,64,IN,desktop,female,38,0,new_page
336,treatment,69,0,56,US,desktop,other,43,7,new_page
337,control,80,1,21,UK,mobile,female,34,5,old_page
338,control,142,0,50,AU,tablet,female,54,5,old_page
339,treatment,125,1,30,AU,tablet,other,22,6,new_page
340,treatment,114,1,37,CA,tablet,female,8,8,new_page
341,control,121,1,24,AU,desktop,male,1,4,old_page
342,treatment,130,0,32,AU,desktop,other,53,6,new_page
343,control,104,1,40,AU,desktop,female,40,4,old_page
344,treatment,97,0,31,UK,mobile,male,43,1,new_page
345,control,126,0,40,AU,desktop,other,30,3,old_page
346,control,91,0,36,AU,mobile,male,43,4,old_page
347,control,132,0,46,AU,mobile,male,46,5,old_page
348,treatment,69,0,37,US,tablet,male,1,4,new_page
349,treatment,151,1,46,UK,tablet,female,31,5,new_page
350,control,134,1,41,CA,tablet,other,17,2,old_page
351,treatment,128,0,35,US,mobile,other,12,2,new_page
352,control,149,1,27,IN,mobile,female,45,5,old_page
353,control,170,0,58,UK,mobile,other,4,5,old_page
354,treatment,150,1,25,UK,desktop,male,57,5,new_page
355,treatment,65,1,43,IN,mobile,other,41,6,new_page
356,control,82,0,46,IN,tablet,female,43,4,old_page
357,treatment,101,1,27,IN,tablet,male,9,9,new_page
358,treatment,121,0,34,CA,mobile,female,55,7,new_page
359,control,136,0,19,AU,mobile,male,42,2,old_page
360,control,98,1,23,UK,tablet,male,24,3,old_page
361,treatment,126,0,22,AU,mobile,other,33,4,new_page
362,control,97,0,45,AU,tablet,male,36,6,old_page
363,control,102,0,58,IN,desktop,female,29,7,old_page
364,treatment,78,1,22,CA,tablet,other,6,4,new_page
365,control,92,0,35,US,desktop,female,5,5,old_page
366,control,79,0,43,CA,mobile,male,53,5,old_page
367,treatment,91,1,37,AU,mobile,female,54,3,new_page
368,treatment,152,1,58,CA,desktop,female,2,3,new_page
369,control,92,0,44,IN,mobile,male,12,7,old_page
370,control,199,0,29,US,desktop,other,2,3,old_page
371,treatment,135,0,24,IN,mobile,female,25,8,new_page
372,treatment,126,0,20,US,tablet,male,56,8,new_page
373,treatment,94,0,27,AU,mobile,other,23,5,new_page
374,treatment,141,1,51,US,tablet,other,52,5,new_page
375,control,103,1,42,US,tablet,other,5,3,old_page
376,treatment,124,1,52,US,desktop,female,42,3,new_page
377,treatment,197,0,33,CA,mobile,female,59,6,new_page
378,control,117,1,19,CA,desktop,female,57,5,old_page
379,treatment,154,0,41,AU,mobile,other,48,4,new_page
380,control,99,1,27,US,tablet,female,41,6,old_page
381,treatment,119,1,55,UK,tablet,male,11,3,new_page
382,treatment,173,0,39,AU,mobile,female,48,12,new_page
383,treatment,101,1,43,US,mobile,female,35,1,new_page
384,control,174,0,60,US,desktop,other,1,6,old_page
385,control,141,1,56,CA,mobile,female,10,1,old_page
386,treatment,103,0,44,AU,mobile,male,38,6,new_page
387,control,139,0,46,US,mobile,other,33,1,old_page
388,control,149,1,64,US,desktop,male,25,4,old_page
389,control,139,0,55,AU,mobile,other,17,3,old_page
390,control,73,1,37,UK,tablet,other,20,3,old_page
391,control,98,0,44,AU,desktop,female,35,5,old_page
392,control,113,1,58,AU,desktop,male,39,5,old_page
393,treatment,118,1,37,UK,tablet,other,51,5,new_page
394,treatment,139,0,61,AU,tablet,female,45,9,new_page
395,control,125,0,36,US,tablet,other,43,3,old_page
396,treatment,80,0,37,AU,mobile,other,21,3,new_page
397,treatment,131,0,52,UK,tablet,other,52,6,new_page
398,treatment,138,0,64,IN,mobile,other,58,6,new_page
399,treatment,137,1,19,AU,desktop,other,29,3,new_page
400,control,152,1,47,CA,desktop,other,49,7,old_page
401,treatment,145,1,51,US,tablet,female,42,4,new_page
402,treatment,134,1,39,US,mobile,other,59,1,new_page
403,control,118,1,20,CA,tablet,male,29,7,old_page
404,control,70,1,23,CA,tablet,female,7,7,old_page
405,treatment,133,0,32,AU,mobile,male,33,2,new_page
406,treatment,126,1,44,CA,tablet,other,56,5,new_page
407,treatment,128,1,27,IN,desktop,male,46,6,new_page
408,treatment,82,0,26,UK,tablet,other,8,9,new_page
409,treatment,88,0,50,CA,mobile,other,50,3,new_page
410,treatment,152,0,49,CA,mobile,female,19,4,new_page
411,control,119,0,23,IN,desktop,female,39,10,old_page
412,treatment,140,1,58,US,mobile,other,24,4,new_page
413,treatment,121,0,53,US,mobile,female,18,4,new_page
414,control,121,0,19,AU,desktop,male,4,4,old_page
415,control,148,1,46,IN,tablet,female,10,7,old_page
416,control,105,0,21,UK,desktop,female,14,8,old_page
417,control,123,0,18,UK,tablet,male,7,6,old_page
418,treatment,106,0,36,IN,desktop,female,18,6,new_page
419,treatment,107,1,43,UK,tablet,other,22,3,new_page
420,treatment,111,1,42,US,desktop,male,26,5,new_page
421,treatment,127,0,27,UK,tablet,other,39,6,new_page
422,treatment,106,1,32,UK,desktop,male,31,2,new_page
423,treatment,158,0,39,IN,tablet,other,25,8,new_page
424,control,93,1,38,IN,desktop,other,26,5,old_page
425,treatment,114,1,39,UK,mobile,female,18,4,new_page
426,control,107,1,53,CA,tablet,other,49,4,old_page
427,control,163,0,51,IN,desktop,female,41,2,old_page
428,treatment,126,1,47,AU,tablet,male,28,5,new_page
429,control,151,1,42,AU,tablet,other,38,5,old_page
430,treatment,75,0,62,US,desktop,other,59,4,new_page
431,control,128,1,45,UK,tablet,male,40,2,old_page
432,treatment,147,0,18,CA,desktop,male,32,4,new_page
433,control,122,1,62,US,mobile,other,18,4,old_page
434,treatment,152,0,21,UK,tablet,male,36,1,new_page
435,treatment,104,1,24,IN,mobile,female,18,8,new_page
436,treatment,162,0,26,AU,tablet,male,32,4,new_page
437,treatment,189,0,53,CA,tablet,male,46,10,new_page
438,treatment,109,0,36,AU,tablet,other,15,6,new_page
439,control,107,0,18,IN,desktop,female,22,3,old_page
440,control,164,0,27,UK,mobile,male,6,6,old_page
441,control,167,0,53,IN,tablet,female,25,4,old_page
442,treatment,104,0,26,IN,desktop,female,31,3,new_page
443,control,107,0,62,AU,tablet,female,11,2,old_page
444,treatment,112,0,63,CA,desktop,other,7,3,new_page
445,treatment,80,1,59,IN,tablet,male,4,5,new_page
446,control,92,0,49,AU,mobile,other,41,3,old_page
447,control,90,1,49,CA,mobile,male,27,4,old_page
448,treatment,97,1,23,UK,tablet,male,52,3,new_page
449,control,119,1,55,UK,desktop,other,4,6,old_page
450,treatment,127,0,34,US,tablet,female,48,5,new_page
451,treatment,167,1,27,AU,desktop,female,25,5,new_page
452,treatment,90,0,44,CA,tablet,male,4,4,new_page
453,treatment,150,0,52,IN,desktop,other,21,4,new_page
454,treatment,114,0,38,UK,mobile,female,14,6,new_page
455,control,119,1,42,CA,tablet,female,12,4,old_page
456,control,140,0,45,AU,mobile,male,27,6,old_page
457,treatment,86,0,64,US,mobile,male,32,4,new_page
458,treatment,131,1,32,UK,tablet,other,42,5,new_page
459,control,125,1,21,CA,tablet,male,22,5,old_page
460,control,135,0,46,CA,desktop,female,32,4,old_page
461,treatment,129,0,26,CA,desktop,female,42,5,new_page
462,control,194,1,44,AU,mobile,female,17,3,old_page
463,treatment,101,0,43,AU,desktop,female,49,4,new_page
464,control,104,0,36,AU,desktop,other,52,6,old_page
465,treatment,101,0,45,IN,tablet,other,29,6,new_page
466,control,103,1,34,CA,desktop,male,25,1,old_page
467,treatment,101,1,60,UK,mobile,male,15,3,new_page
468,control,156,1,58,AU,desktop,male,12,4,old_page
469,control,163,1,59,AU,mobile,other,38,6,old_page
470,treatment,103,0,37,CA,tablet,female,32,4,new_page
471,control,95,0,62,AU,mobile,male,25,3,old_page
472,treatment,134,0,57,IN,desktop,female,47,14,new_page
473,control,103,0,56,IN,tablet,male,0,5,old_page
474,treatment,139,0,40,AU,desktop,male,48,4,new_page
475,control,126,1,64,CA,tablet,male,37,5,old_page
476,treatment,75,1,49,CA,tablet,male,1,5,new_page
477,control,166,1,64,CA,desktop,male,48,7,old_page
478,treatment,174,0,50,US,desktop,female,5,7,new_page
479,control,102,1,63,AU,tablet,male,45,7,old_page
480,treatment,108,1,22,CA,tablet,female,49,2,new_page
481,treatment,129,0,60,IN,desktop,other,37,5,new_page
482,treatment,130,1,51,UK,mobile,male,41,3,new_page
483,control,140,0,57,UK,desktop,female,23,7,old_page
484,treatment,180,0,28,CA,tablet,other,17,2,new_page
485,control,115,0,20,UK,desktop,other,26,6,old_page
486,treatment,96,0,50,UK,mobile,other,40,4,new_page
487,control,79,0,28,US,desktop,female,7,8,old_page
488,treatment,98,1,33,IN,tablet,male,27,5,new_page
489,control,119,1,35,IN,desktop,male,9,1,old_page
490,control,174,1,47,US,tablet,female,16,2,old_page
491,treatment,104,1,27,US,tablet,male,54,3,new_page
492,control,127,0,35,UK,desktop,female,28,6,old_page
493,control,120,1,55,AU,tablet,male,57,8,old_page
494,treatment,156,0,36,UK,tablet,other,5,4,new_page
495,control,196,0,53,US,mobile,male,13,3,old_page
496,control,104,0,30,IN,mobile,female,21,6,old_page
497,control,105,0,63,UK,mobile,female,53,6,old_page
498,treatment,151,0,20,AU,mobile,other,5,8,new_page
499,control,140,0,27,UK,tablet,female,25,6,old_page
500,treatment,175,0,55,CA,desktop,male,38,6,new_page
501,control,138,1,18,UK,tablet,male,11,5,old_page
502,control,109,0,44,US,tablet,other,34,4,old_page
503,control,138,0,63,IN,tablet,female,13,5,old_page
504,treatment,153,0,25,IN,desktop,other,21,5,new_page
505,control,145,1,63,US,mobile,male,50,6,old_page
506,control,135,0,59,CA,tablet,other,22,11,old_page
507,treatment,152,0,34,US,tablet,female,47,8,new_page
508,control,155,0,26,UK,mobile,other,6,7,old_page
509,treatment,161,0,23,US,tablet,female,39,7,new_page
510,treatment,139,0,60,US,desktop,female,49,4,new_page
511,control,115,0,42,CA,tablet,male,24,8,old_page
512,treatment,124,0,56,UK,tablet,male,12,6,new_page
513,control,156,0,45,AU,mobile,male,20,2,old_page
514,treatment,95,0,50,AU,tablet,female,40,4,new_page
515,treatment,131,1,54,IN,tablet,other,9,0,new_page
516,control,108,0,26,US,desktop,female,52,6,old_page
517,treatment,121,0,35,IN,mobile,male,54,0,new_page
518,treatment,158,0,38,CA,mobile,male,58,7,new_page
519,treatment,126,1,19,AU,desktop,other,8,9,new_page
520,treatment,121,0,60,US,tablet,male,14,7,new_page
521,treatment,79,0,55,CA,mobile,male,51,2,new_page
522,control,142,1,57,CA,mobile,male,1,4,old_page
523,treatment,139,0,53,US,tablet,other,24,8,new_page
524,control,185,0,60,CA,tablet,female,12,5,old_page
525,treatment,111,0,54,US,mobile,male,33,5,new_page
526,control,127,1,32,US,tablet,other,50,6,old_page
527,control,127,0,45,UK,mobile,male,57,2,old_page
528,treatment,167,1,35,IN,tablet,other,33,4,new_page
529,treatment,117,1,51,CA,tablet,male,34,7,new_page
530,treatment,128,0,39,CA,desktop,other,37,3,new_page
531,control,138,0,28,UK,tablet,male,2,6,old_page
532,treatment,126,0,30,UK,desktop,female,41,2,new_page
533,control,107,0,21,UK,tablet,male,55,8,old_page
534,control,126,0,39,AU,mobile,other,58,10,old_page
535,control,152,1,24,AU,mobile,male,5,5,old_page
536,treatment,89,1,60,AU,tablet,female,54,4,new_page
537,treatment,124,1,41,US,tablet,male,47,4,new_page
538,control,99,0,21,CA,mobile,other,48,8,old_page
539,control,156,1,45,IN,tablet,other,18,9,old_page
540,treatment,74,1,32,US,desktop,female,2,7,new_page
541,control,103,1,18,CA,desktop,other,17,7,old_page
542,treatment,131,0,20,CA,desktop,male,38,3,new_page
543,control,167,1,31,UK,desktop,male,8,8,old_page
544,treatment,118,0,55,UK,desktop,male,51,7,new_page
545,control,103,0,18,US,tablet,other,11,2,old_page
546,treatment,176,0,55,UK,tablet,male,4,5,new_page
547,control,77,1,55,CA,desktop,male,2,7,old_page
548,treatment,54,1,38,UK,tablet,male,10,6,new_page
549,treatment,133,0,46,AU,tablet,female,56,1,new_page
550,control,105,0,22,UK,desktop,other,29,3,old_page
551,control,89,0,27,CA,tablet,other,3,4,old_page
552,treatment,141,0,45,US,tablet,other,4,4,new_page
553,control,127,0,38,IN,tablet,female,0,3,old_page
554,treatment,103,0,24,UK,desktop,other,26,7,new_page
555,control,82,1,20,CA,tablet,female,27,9,old_page
556,treatment,146,0,62,IN,mobile,female,28,4,new_page
557,treatment,140,0,64,IN,mobile,other,17,3,new_page
558,treatment,117,0,37,AU,desktop,male,11,4,new_page
559,treatment,175,1,36,IN,mobile,male,12,4,new_page
560,treatment,88,1,52,CA,desktop,other,40,6,new_page
561,treatment,74,1,21,CA,mobile,other,1,3,new_page
562,control,99,0,22,UK,mobile,female,36,10,old_page
563,control,119,0,18,UK,mobile,other,44,5,old_page
564,control,127,0,21,UK,desktop,female,15,5,old_page
565,treatment,113,1,29,IN,desktop,other,47,3,new_page
566,treatment,131,1,44,IN,tablet,male,23,2,new_page
567,treatment,82,1,59,AU,desktop,male,34,7,new_page
568,treatment,163,1,40,UK,mobile,other,21,5,new_page
569,control,118,1,42,US,mobile,female,35,4,old_page
570,control,154,0,38,AU,desktop,male,10,6,old_page
571,treatment,130,1,41,US,desktop,female,54,5,new_page
572,control,134,0,42,IN,desktop,other,57,4,old_page
573,control,137,0,62,AU,tablet,other,45,7,old_page
574,treatment,133,0,63,AU,mobile,male,28,4,new_page
575,control,139,0,49,CA,tablet,other,34,2,old_page
576,treatment,160,0,49,IN,tablet,male,47,3,new_page
577,control,126,0,22,IN,mobile,female,53,8,old_page
578,treatment,141,0,53,AU,mobile,male,14,5,new_page
579,treatment,117,0,63,IN,desktop,male,59,6,new_page
580,treatment,163,0,59,AU,desktop,female,30,2,new_page
581,treatment,100,0,59,CA,tablet,male,41,3,new_page
582,control,174,0,56,AU,desktop,male,40,3,old_page
583,treatment,119,0,33,IN,desktop,other,42,7,new_page
584,treatment,77,1,50,IN,mobile,female,15,5,new_page
585,treatment,124,1,38,AU,mobile,male,9,2,new_page
586,control,100,1,26,AU,desktop,female,48,2,old_page
587,treatment,145,1,23,AU,mobile,female,31,7,new_page
588,control,100,0,62,UK,desktop,male,50,8,old_page
589,treatment,107,1,52,IN,mobile,other,1,4,new_page
590,control,63,0,56,IN,mobile,female,23,4,old_page
591,control,106,0,39,UK,mobile,male,22,4,old_page
592,treatment,47,1,58,AU,mobile,female,1,3,new_page
593,control,72,0,22,CA,desktop,other,37,4,old_page
594,treatment,143,1,59,AU,tablet,other,30,6,new_page
595,treatment,144,1,40,AU,mobile,other,50,5,new_page
596,treatment,133,1,34,UK,desktop,male,39,5,new_page
597,control,91,1,29,IN,desktop,male,25,3,old_page
598,control,119,0,40,AU,mobile,other,28,6,old_page
599,treatment,120,0,33,IN,tablet,male,2,4,new_page
600,treatment,85,0,20,US,mobile,other,57,2,new_page
601,control,165,0,47,IN,desktop,male,13,5,old_page
602,treatment,146,1,39,CA,tablet,other,24,7,new_page
603,treatment,113,1,26,CA,desktop,female,47,8,new_page
604,treatment,121,1,46,AU,mobile,other,0,0,new_page
605,control,126,0,64,IN,tablet,other,52,5,old_page
606,control,59,0,54,AU,desktop,male,2,4,old_page
607,control,113,0,40,UK,desktop,male,53,6,old_page
608,treatment,100,0,30,CA,desktop,male,25,4,new_page
609,treatment,90,1,49,AU,mobile,male,17,7,new_page
610,treatment,112,0,63,UK,tablet,male,8,2,new_page
611,control,174,0,64,AU,mobile,male,37,3,old_page
612,treatment,139,0,40,IN,mobile,female,22,3,new_page
613,treatment,103,1,62,IN,mobile,other,20,5,new_page
614,treatment,137,1,34,IN,tablet,other,56,6,new_page
615,treatment,162,0,57,IN,mobile,other,0,9,new_page
616,control,148,0,38,US,mobile,female,20,6,old_page
617,control,122,0,19,UK,mobile,other,26,7,old_page
618,treatment,101,0,54,UK,mobile,female,41,2,new_page
619,control,141,1,23,IN,desktop,female,58,2,old_page
620,control,132,1,61,US,mobile,female,5,8,old_page
621,treatment,147,0,35,IN,desktop,other,54,8,new_page
622,treatment,139,0,47,US,mobile,female,43,8,new_page
623,control,151,1,39,IN,tablet,other,35,7,old_page
624,treatment,104,0,50,CA,desktop,other,27,6,new_page
625,control,160,1,47,CA,desktop,male,44,2,old_page
626,treatment,126,0,34,AU,desktop,male,16,7,new_page
627,control,182,0,60,IN,desktop,female,58,6,old_page
628,treatment,99,0,49,UK,tablet,female,39,5,new_page
629,control,172,0,59,AU,mobile,other,57,6,old_page
630,control,126,1,31,CA,desktop,female,51,4,old_page
631,control,100,0,27,IN,tablet,female,2,4,old_page
632,treatment,105,0,64,AU,desktop,other,11,4,new_page
633,control,110,0,53,IN,mobile,female,38,5,old_page
634,control,133,0,51,CA,desktop,female,11,4,old_page
635,treatment,136,0,26,AU,tablet,other,1,7,new_page
636,treatment,103,0,59,CA,mobile,other,55,2,new_page
637,control,119,1,45,US,tablet,male,45,4,old_page
638,control,184,0,28,CA,mobile,other,21,1,old_page
639,treatment,172,0,31,IN,mobile,male,22,6,new_page
640,treatment,133,1,56,UK,mobile,female,29,1,new_page
641,treatment,121,0,64,CA,desktop,other,4,6,new_page
642,treatment,124,1,36,UK,tablet,other,8,6,new_page
643,treatment,138,0,32,US,tablet,other,20,0,new_page
644,control,89,1,45,AU,tablet,female,10,6,old_page
645,treatment,112,1,41,AU,mobile,male,4,1,new_page
646,control,70,1,25,UK,desktop,female,34,4,old_page
647,control,132,1,60,AU,mobile,female,26,6,old_page
648,control,139,0,26,CA,tablet,other,48,7,old_page
649,treatment,106,1,64,UK,desktop,male,1,6,new_page
650,control,167,0,50,IN,desktop,female,23,3,old_page
651,control,83,0,50,CA,desktop,other,30,7,old_page
652,treatment,76,0,36,CA,tablet,female,32,6,new_page
653,control,127,0,20,CA,desktop,female,38,5,old_page
654,control,151,0,27,IN,desktop,other,29,7,old_page
655,treatment,171,0,57,US,mobile,other,45,4,new_page
656,control,106,0,64,AU,mobile,male,36,7,old_page
657,control,152,1,59,UK,desktop,female,50,1,old_page
658,control,119,1,18,US,desktop,other,27,2,old_page
659,treatment,115,0,46,UK,mobile,other,59,2,new_page
660,treatment,147,0,51,AU,mobile,male,30,6,new_page
661,treatment,140,0,30,IN,mobile,male,10,8,new_page
662,control,73,0,18,CA,tablet,other,22,6,old_page
663,control,164,0,51,CA,tablet,male,56,0,old_page
664,treatment,161,0,46,IN,mobile,other,1,10,new_page
665,control,101,0,64,US,desktop,female,39,2,old_page
666,control,132,1,30,US,mobile,male,40,5,old_page
667,treatment,135,0,46,UK,tablet,female,26,8,new_page
668,treatment,128,0,56,IN,desktop,female,34,5,new_page
669,control,103,0,41,US,tablet,female,1,4,old_page
670,control,100,0,43,IN,desktop,other,38,3,old_page
671,control,119,0,34,AU,tablet,female,36,7,old_page
672,treatment,155,1,24,CA,desktop,female,20,7,new_page
673,treatment,136,0,30,CA,desktop,female,57,3,new_page
674,treatment,109,0,22,CA,desktop,other,4,3,new_page
675,treatment,143,1,43,IN,desktop,female,51,2,new_page
676,control,35,1,20,IN,tablet,female,44,2,old_page
677,treatment,154,1,24,UK,tablet,male,20,7,new_page
678,treatment,68,0,56,CA,desktop,other,28,4,new_page
679,treatment,109,1,18,UK,desktop,female,19,1,new_page
680,treatment,86,0,34,CA,tablet,male,37,3,new_page
681,treatment,81,0,60,UK,desktop,other,19,10,new_page
682,control,155,0,42,UK,desktop,other,49,3,old_page
683,control,106,0,20,AU,desktop,other,24,6,old_page
684,treatment,130,0,32,UK,mobile,other,1,4,new_page
685,control,119,0,46,IN,desktop,other,56,5,old_page
686,treatment,134,1,60,UK,mobile,other,31,3,new_page
687,treatment,122,1,49,CA,desktop,female,25,7,new_page
688,control,82,1,43,UK,tablet,female,5,5,old_page
689,control,150,0,33,US,mobile,female,40,2,old_page
690,treatment,105,1,42,CA,mobile,female,56,6,new_page
691,treatment,73,0,45,US,desktop,male,2,3,new_page
692,treatment,107,1,26,CA,desktop,female,32,2,new_page
693,control,165,0,18,IN,mobile,other,0,7,old_page
694,treatment,146,1,46,IN,tablet,female,50,6,new_page
695,treatment,110,0,39,IN,tablet,female,4,3,new_page
696,treatment,110,1,33,US,desktop,other,12,5,new_page
697,control,110,1,58,AU,tablet,female,18,7,old_page
698,treatment,182,0,61,CA,tablet,female,11,4,new_page
699,treatment,131,0,58,IN,desktop,female,47,4,new_page
700,control,133,1,24,CA,tablet,male,24,3,old_page
701,treatment,151,0,31,US,desktop,female,56,6,new_page
702,treatment,127,1,46,AU,mobile,other,50,4,new_page
703,control,112,0,36,US,desktop,other,34,5,old_page
704,treatment,114,0,36,CA,mobile,female,11,7,new_page
705,control,118,0,19,AU,mobile,female,29,4,old_page
706,control,119,0,58,AU,tablet,female,4,3,old_page
707,treatment,142,1,62,US,tablet,other,33,1,new_page
708,treatment,122,0,32,IN,tablet,other,21,5,new_page
709,treatment,142,0,20,CA,desktop,male,38,8,new_page
710,treatment,118,0,28,UK,tablet,male,12,5,new_page
711,control,122,0,63,UK,mobile,male,56,5,old_page
712,treatment,60,1,47,US,tablet,other,46,3,new_page
713,control,147,1,57,CA,tablet,male,53,3,old_page
714,treatment,130,0,35,CA,desktop,female,2,6,new_page
715,treatment,150,1,19,US,desktop,female,59,5,new_page
716,treatment,33,1,49,CA,mobile,other,52,7,new_page
717,control,183,0,25,IN,desktop,male,19,6,old_page
718,treatment,116,1,39,US,tablet,female,30,8,new_page
719,treatment,153,0,23,IN,desktop,other,4,8,new_page
720,treatment,89,0,29,CA,mobile,male,23,8,new_page
721,treatment,138,1,64,US,tablet,female,39,9,new_page
722,control,88,0,57,CA,mobile,male,53,5,old_page
723,treatment,101,1,53,US,desktop,other,32,3,new_page
724,control,177,1,32,CA,desktop,male,7,4,old_page
725,control,114,0,45,IN,mobile,other,23,5,old_page
726,control,127,1,62,IN,tablet,male,49,6,old_page
727,control,146,0,35,CA,desktop,female,19,7,old_page
728,control,135,0,19,US,desktop,other,59,4,old_page
729,control,125,1,30,UK,tablet,other,15,6,old_page
730,treatment,131,1,62,IN,desktop,other,49,13,new_page
731,control,192,0,32,IN,mobile,male,51,3,old_page
732,control,118,0,37,UK,desktop,male,11,7,old_page
733,control,126,1,46,CA,desktop,female,12,7,old_page
734,treatment,152,1,59,US,tablet,other,44,2,new_page
735,treatment,153,1,46,CA,mobile,other,41,5,new_page
736,control,156,0,20,AU,tablet,male,38,2,old_page
737,treatment,139,0,36,IN,desktop,male,24,4,new_page
738,control,86,0,20,AU,desktop,female,45,3,old_page
739,control,169,1,31,IN,tablet,female,31,3,old_page
740,treatment,86,0,57,IN,tablet,male,23,1,new_page
741,control,129,0,21,AU,tablet,other,47,7,old_page
742,treatment,97,1,28,AU,mobile,female,46,4,new_page
743,treatment,118,0,48,CA,desktop,male,43,9,new_page
744,control,130,1,60,AU,tablet,male,8,4,old_page
745,control,130,1,49,CA,desktop,other,39,6,old_page
746,treatment,133,1,44,CA,mobile,male,49,3,new_page
747,control,168,0,47,CA,mobile,male,22,8,old_page
748,control,134,0,60,IN,mobile,female,49,6,old_page
749,control,113,1,19,IN,mobile,male,12,5,old_page
750,treatment,149,1,26,AU,desktop,male,59,3,new_page
751,treatment,156,1,45,IN,mobile,female,58,11,new_page
752,control,83,0,48,AU,mobile,other,31,7,old_page
753,treatment,138,1,51,IN,tablet,other,49,6,new_page
754,treatment,141,1,32,US,mobile,female,14,6,new_page
755,treatment,111,1,42,US,tablet,female,35,6,new_page
756,treatment,161,1,53,AU,mobile,other,48,6,new_page
757,treatment,115,1,25,IN,mobile,other,4,5,new_page
758,control,124,1,26,IN,tablet,other,21,8,old_page
759,control,115,0,54,CA,mobile,other,15,6,old_page
760,control,120,0,62,UK,desktop,other,40,8,old_page
761,treatment,87,0,56,AU,desktop,female,9,13,new_page
762,treatment,77,0,49,UK,mobile,male,23,4,new_page
763,control,168,0,34,UK,desktop,other,17,1,old_page
764,treatment,95,0,52,AU,tablet,other,48,4,new_page
765,control,90,0,54,IN,mobile,male,17,2,old_page
766,control,55,0,36,AU,mobile,male,6,7,old_page
767,control,101,1,61,UK,tablet,male,3,4,old_page
768,treatment,80,1,46,IN,tablet,male,25,5,new_page
769,treatment,169,0,24,US,tablet,male,4,8,new_page
770,control,150,1,45,AU,mobile,male,59,6,old_page
771,control,99,0,26,AU,tablet,female,54,5,old_page
772,control,188,0,45,IN,tablet,male,15,2,old_page
773,control,149,0,23,US,desktop,male,34,6,old_page
774,treatment,110,0,46,US,desktop,female,25,5,new_page
775,treatment,45,1,34,IN,mobile,male,17,6,new_page
776,control,189,1,33,CA,desktop,other,28,3,old_page
777,control,78,0,40,AU,desktop,other,22,6,old_page
778,treatment,71,0,48,AU,tablet,male,52,6,new_page
779,treatment,151,0,20,UK,tablet,female,13,4,new_page
780,control,193,0,38,IN,desktop,other,14,7,old_page
781,control,162,0,43,UK,desktop,female,48,4,old_page
782,control,137,0,53,UK,desktop,other,32,0,old_page
783,treatment,138,1,59,US,mobile,male,24,9,new_page
784,treatment,146,1,54,AU,mobile,female,20,1,new_page
785,treatment,143,0,39,UK,mobile,female,16,6,new_page
786,control,128,1,59,US,desktop,female,22,4,old_page
787,control,123,0,29,IN,desktop,other,56,5,old_page
788,treatment,118,0,59,UK,mobile,other,42,6,new_page
789,treatment,97,0,30,AU,mobile,other,16,8,new_page
790,control,112,1,28,UK,desktop,male,57,4,old_page
791,treatment,69,1,33,IN,tablet,other,13,5,new_page
792,treatment,117,1,25,UK,mobile,male,28,10,new_page
793,control,90,0,57,AU,desktop,female,19,5,old_page
794,treatment,87,1,57,US,desktop,female,29,7,new_page
795,control,125,0,62,AU,tablet,male,18,6,old_page
796,control,162,1,19,US,desktop,other,52,4,old_page
797,control,148,0,47,CA,desktop,male,38,3,old_page
798,control,73,0,47,AU,mobile,female,55,5,old_page
799,control,90,0,29,AU,mobile,female,12,4,old_page
800,control,148,1,27,IN,tablet,male,17,4,old_page
801,control,91,0,61,UK,tablet,other,22,5,old_page
802,treatment,113,1,28,US,desktop,other,45,2,new_page
803,control,137,0,32,US,mobile,male,32,7,old_page
804,control,91,1,33,IN,tablet,male,38,3,old_page
805,treatment,123,1,34,IN,tablet,other,39,5,new_page
806,treatment,80,1,43,UK,tablet,female,17,6,new_page
807,treatment,102,0,19,UK,desktop,male,8,8,new_page
808,control,130,0,29,AU,mobile,other,32,5,old_page
809,treatment,72,0,43,CA,tablet,other,31,3,new_page
810,control,133,1,40,UK,mobile,female,53,3,old_page
811,control,119,0,35,IN,tablet,female,16,5,old_page
812,control,137,0,49,UK,tablet,female,18,7,old_page
813,control,127,0,55,US,mobile,female,26,5,old_page
814,treatment,161,0,64,CA,mobile,female,5,5,new_page
815,treatment,124,1,20,AU,mobile,male,34,10,new_page
816,control,107,0,55,US,desktop,other,55,2,old_page
817,control,124,1,20,US,tablet,male,36,6,old_page
818,control,136,0,47,CA,desktop,male,33,7,old_page
819,treatment,121,0,18,AU,mobile,male,19,4,new_page
820,control,121,0,47,IN,tablet,male,24,11,old_page
821,control,99,0,62,AU,desktop,male,3,5,old_page
822,treatment,100,0,49,UK,tablet,female,9,4,new_page
823,treatment,78,1,45,US,desktop,female,9,1,new_page
824,control,172,0,38,UK,mobile,other,23,11,old_page
825,treatment,83,1,63,IN,desktop,male,20,3,new_page
826,treatment,99,0,30,UK,tablet,other,10,2,new_page
827,control,98,0,44,AU,tablet,female,26,7,old_page
828,treatment,147,1,53,UK,tablet,female,15,5,new_page
829,control,111,0,24,IN,tablet,female,25,1,old_page
830,treatment,157,0,39,IN,mobile,male,29,6,new_page
831,control,100,0,27,IN,desktop,male,48,4,old_page
832,control,128,0,56,AU,mobile,female,15,9,old_page
833,control,95,1,32,IN,mobile,other,6,4,old_page
834,treatment,184,0,32,US,mobile,other,15,9,new_page
835,control,84,1,21,IN,tablet,female,34,5,old_page
836,treatment,129,1,49,UK,tablet,other,57,2,new_page
837,control,139,0,40,UK,tablet,female,15,8,old_page
838,control,132,1,23,UK,desktop,other,39,2,old_page
839,treatment,114,0,41,AU,tablet,female,11,7,new_page
840,control,116,1,37,UK,desktop,other,34,9,old_page
841,control,121,0,54,AU,tablet,male,48,3,old_page
842,treatment,116,1,37,AU,tablet,female,20,3,new_page
843,control,149,0,29,IN,mobile,female,49,6,old_page
844,control,186,0,50,US,mobile,other,42,7,old_page
845,control,103,1,45,IN,mobile,female,35,2,old_page
846,control,79,1,25,IN,desktop,female,47,9,old_page
847,treatment,117,0,18,AU,desktop,female,16,5,new_page
848,treatment,197,0,54,AU,tablet,male,31,5,new_page
849,control,96,1,39,UK,desktop,male,40,3,old_page
850,treatment,169,1,23,UK,tablet,other,5,6,new_page
851,control,170,1,38,IN,desktop,male,23,6,old_page
852,treatment,103,1,49,CA,desktop,other,26,4,new_page
853,control,137,1,52,CA,desktop,male,19,6,old_page
854,control,169,1,32,UK,mobile,other,24,8,old_page
855,control,109,0,22,CA,desktop,male,1,4,old_page
856,control,114,0,63,UK,mobile,male,8,6,old_page
857,control,103,1,23,AU,mobile,other,27,4,old_page
858,control,90,1,42,IN,desktop,female,52,9,old_page
859,treatment,101,0,63,US,tablet,female,37,5,new_page
860,control,83,0,57,IN,tablet,male,2,7,old_page
861,treatment,121,1,46,UK,tablet,other,19,2,new_page
862,control,97,0,24,UK,desktop,female,5,4,old_page
863,treatment,127,0,57,IN,tablet,other,38,4,new_page
864,treatment,73,0,30,UK,mobile,female,32,7,new_page
865,treatment,130,0,55,CA,tablet,other,54,3,new_page
866,control,145,0,35,CA,desktop,male,0,4,old_page
867,control,60,0,19,UK,tablet,other,36,3,old_page
868,treatment,131,0,25,UK,mobile,female,5,3,new_page
869,control,157,1,28,CA,desktop,male,44,2,old_page
870,treatment,84,0,50,UK,tablet,other,33,10,new_page
871,control,170,1,55,UK,desktop,female,46,3,old_page
872,treatment,133,1,44,IN,desktop,male,14,2,new_page
873,treatment,99,0,37,US,desktop,other,44,6,new_page
874,control,118,1,29,CA,tablet,female,25,4,old_page
875,treatment,137,0,60,IN,desktop,other,56,6,new_page
876,control,122,1,48,US,tablet,other,13,2,old_page
877,treatment,136,0,44,UK,mobile,male,57,4,new_page
878,treatment,92,1,49,UK,tablet,male,53,9,new_page
879,control,125,1,27,IN,mobile,female,6,10,old_page
880,control,78,0,20,UK,tablet,male,45,5,old_page
881,control,117,0,62,AU,desktop,female,57,2,old_page
882,treatment,93,1,44,IN,tablet,other,30,3,new_page
883,control,98,1,52,US,desktop,other,23,7,old_page
884,treatment,157,0,48,IN,mobile,female,58,6,new_page
885,treatment,153,1,32,CA,tablet,other,30,4,new_page
886,control,138,0,33,IN,desktop,male,28,2,old_page
887,control,87,1,30,UK,mobile,other,41,7,old_page
888,treatment,111,0,52,UK,mobile,male,31,6,new_page
889,treatment,156,1,28,AU,tablet,female,16,7,new_page
890,control,124,0,38,AU,mobile,female,13,7,old_page
891,control,190,0,28,AU,desktop,other,39,3,old_page
892,control,132,0,47,US,mobile,other,35,3,old_page
893,control,126,0,52,AU,mobile,male,57,4,old_page
894,control,111,0,39,US,desktop,male,47,5,old_page
895,treatment,124,0,55,AU,mobile,other,23,2,new_page
896,treatment,115,1,48,US,mobile,other,44,4,new_page
897,treatment,141,0,31,IN,mobile,female,53,7,new_page
898,treatment,149,0,41,IN,mobile,female,26,5,new_page
899,control,96,0,49,UK,desktop,female,24,6,old_page
900,control,80,0,53,US,mobile,other,58,4,old_page
901,control,65,0,49,CA,desktop,other,31,9,old_page
902,treatment,135,0,32,UK,mobile,other,51,2,new_page
903,treatment,87,0,60,IN,mobile,female,17,6,new_page
904,control,55,0,52,US,mobile,other,45,4,old_page
905,control,132,0,20,AU,mobile,male,17,3,old_page
906,treatment,195,0,33,CA,desktop,other,36,6,new_page
907,treatment,120,0,22,IN,desktop,other,25,7,new_page
908,control,145,0,38,UK,desktop,other,8,8,old_page
909,control,122,1,27,US,tablet,other,59,9,old_page
910,treatment,117,0,36,CA,mobile,other,34,5,new_page
911,control,148,1,42,US,mobile,male,7,4,old_page
912,control,111,0,21,AU,desktop,male,19,3,old_page
913,control,128,1,46,UK,tablet,other,53,7,old_page
914,treatment,130,1,36,US,mobile,female,41,4,new_page
915,treatment,100,0,60,IN,desktop,other,21,8,new_page
916,treatment,150,1,19,UK,mobile,other,18,8,new_page
917,treatment,115,0,27,IN,mobile,other,29,1,new_page
918,treatment,97,0,60,US,desktop,female,52,5,new_page
919,treatment,136,1,42,UK,desktop,female,27,4,new_page
920,treatment,93,1,37,IN,mobile,female,34,3,new_page
921,control,121,0,36,AU,mobile,male,42,2,old_page
922,control,120,0,40,AU,desktop,female,10,8,old_page
923,control,153,0,41,US,mobile,male,30,8,old_page
924,control,134,0,28,UK,mobile,male,48,3,old_page
925,control,119,1,63,CA,desktop,female,47,4,old_page
926,control,145,0,51,UK,mobile,female,38,12,old_page
927,control,162,0,45,AU,mobile,female,35,3,old_page
928,treatment,137,0,22,IN,tablet,male,29,3,new_page
929,treatment,120,0,22,CA,desktop,other,22,4,new_page
930,control,81,0,38,US,tablet,female,18,3,old_page
931,control,88,1,29,CA,tablet,female,11,4,old_page
932,treatment,111,1,21,US,tablet,female,14,6,new_page
933,control,102,1,59,CA,mobile,male,30,4,old_page
934,control,114,0,37,US,mobile,male,42,3,old_page
935,treatment,122,1,55,US,tablet,other,36,8,new_page
936,control,136,1,42,CA,tablet,female,36,2,old_page
937,treatment,118,1,31,CA,tablet,male,14,3,new_page
938,control,135,0,28,US,mobile,other,28,7,old_page
939,treatment,122,0,49,AU,tablet,female,49,3,new_page
940,treatment,61,0,28,CA,tablet,male,42,7,new_page
941,treatment,92,0,35,UK,desktop,female,25,5,new_page
942,control,116,0,44,IN,desktop,female,43,2,old_page
943,treatment,84,0,35,US,mobile,male,1,9,new_page
944,control,138,0,40,US,desktop,male,19,4,old_page
945,control,166,1,28,IN,desktop,male,14,3,old_page
946,control,157,0,38,AU,desktop,female,51,1,old_page
947,control,114,0,61,IN,mobile,female,3,2,old_page
948,treatment,165,1,22,CA,desktop,other,21,6,new_page
949,treatment,124,1,40,IN,mobile,female,49,10,new_page
950,control,110,1,58,US,tablet,male,37,6,old_page
951,control,102,1,42,IN,desktop,female,22,6,old_page
952,treatment,111,0,58,UK,mobile,other,58,2,new_page
953,control,108,1,27,CA,desktop,other,25,4,old_page
954,treatment,125,0,39,IN,tablet,male,50,5,new_page
955,control,125,0,36,US,mobile,male,10,8,old_page
956,control,120,0,18,CA,mobile,other,27,5,old_page
957,treatment,133,0,24,US,mobile,other,55,3,new_page
958,control,156,0,21,AU,tablet,other,1,1,old_page
959,treatment,148,1,18,UK,tablet,male,58,7,new_page
960,control,75,1,32,AU,tablet,other,7,7,old_page
961,control,43,0,57,UK,mobile,other,28,4,old_page
962,control,148,0,29,IN,tablet,male,10,4,old_page
963,treatment,79,1,39,CA,desktop,female,36,4,new_page
964,control,113,1,39,IN,tablet,female,17,9,old_page
965,control,85,0,64,UK,mobile,other,54,1,old_page
966,control,66,1,34,UK,desktop,female,49,3,old_page
967,control,136,0,46,UK,tablet,female,13,4,old_page
968,treatment,143,0,63,US,desktop,female,53,3,new_page
969,treatment,103,1,31,CA,desktop,female,9,3,new_page
970,control,42,0,37,IN,mobile,other,34,8,old_page
971,treatment,104,0,50,IN,desktop,female,8,11,new_page
972,control,132,1,60,AU,desktop,female,34,4,old_page
973,control,76,1,32,UK,mobile,male,10,2,old_page
974,control,126,0,29,UK,mobile,other,43,3,old_page
975,treatment,120,0,57,UK,mobile,male,11,4,new_page
976,treatment,137,0,37,IN,desktop,male,2,2,new_page
977,treatment,124,1,47,AU,desktop,other,52,7,new_page
978,treatment,91,0,55,US,desktop,female,38,2,new_page
979,treatment,156,0,20,CA,mobile,male,13,11,new_page
980,treatment,115,1,45,US,tablet,other,55,5,new_page
981,treatment,119,0,43,IN,desktop,female,27,5,new_page
982,treatment,92,0,47,UK,tablet,other,10,4,new_page
983,treatment,107,0,30,CA,mobile,male,38,4,new_page
984,control,93,1,30,IN,desktop,female,24,4,old_page
985,treatment,115,0,19,IN,tablet,female,20,3,new_page
986,treatment,171,0,54,IN,desktop,other,9,5,new_page
987,treatment,79,1,55,CA,desktop,female,42,9,new_page
988,treatment,72,0,19,CA,desktop,male,14,5,new_page
989,treatment,164,0,53,AU,tablet,male,18,2,new_page
990,treatment,114,0,43,AU,mobile,male,47,6,new_page
991,treatment,100,0,28,US,desktop,other,21,7,new_page
992,treatment,151,0,25,CA,mobile,female,20,5,new_page
993,treatment,102,0,61,CA,mobile,female,59,7,new_page
994,treatment,175,0,57,CA,tablet,female,51,7,new_page
995,treatment,140,0,60,AU,tablet,male,43,8,new_page
996,control,105,1,39,IN,mobile,female,31,7,old_page
997,control,185,1,37,UK,desktop,male,49,3,old_page
998,treatment,102,1,25,AU,tablet,female,22,4,new_page
999,treatment,142,1,46,CA,desktop,male,12,4,new_page
1000,control,129,0,57,AU,desktop,female,4,3,old_page
